{
    "position": {
        "units": "INCH",
        "x": "0.0 INCH",
        "coordinate_system": "skull_3d",
        "z": "0.0 INCH",
        "reference_point": "nose_center",
        "y": "0.0 INCH"
    },
    "name": "spine_extension_servo",
    "version": "1.0.0",
    "author": "config/author.json",
    "components": [
        "components/hardware/servo_sg90_micro.json"
    ],
    "software": {
        "act_function": "spine_extension_servo_act",
        "init_function": "spine_extension_servo_init",
        "hitCount": 10
    },
    "relative_filename": "config/components/creature_specific/spine_extension_servo.json",
    "type": "POSITIONED_COMPONENT"
}