{
    "version": "1.0.0",
    "software": {
        "act_function": "motion_stealth_sensor_act",
        "init_function": "motion_stealth_sensor_init",
        "hitCount": 10
    },
    "relative_filename": "config/components/creature_specific/motion_stealth_sensor.json",
    "name": "motion_stealth_sensor",
    "subsystem": "SENSOR",
    "components": [
        "components/drivers/i2c_bus.json"
    ],
    "author": "config/author.json",
    "position": {
        "units": "INCH",
        "x": "0.0 INCH",
        "coordinate_system": "skull_3d",
        "z": "0.0 INCH",
        "reference_point": "nose_center",
        "y": "0.0 INCH"
    },
    "type": "POSITIONED_COMPONENT"
}