{
    "version": "1.0.0",
    "software": {
        "act_function": "base_arm_status_led_act",
        "init_function": "base_arm_status_led_init",
        "hitCount": 10
    },
    "relative_filename": "config/components/creature_specific/base_arm_status_led.json",
    "name": "base_arm_status_led",
    "subsystem": "INDICATOR",
    "components": [
        "components/interfaces/gpio_pair_vibration_sensor.json"
    ],
    "author": "config/author.json",
    "position": {
        "units": "INCH",
        "x": "0.0 INCH",
        "coordinate_system": "skull_3d",
        "z": "0.0 INCH",
        "reference_point": "nose_center",
        "y": "0.0 INCH"
    },
    "type": "POSITIONED_COMPONENT"
}