{
    "version": "1.0.0",
    "software": {
        "act_function": "pet_simulation_servos_act",
        "init_function": "pet_simulation_servos_init",
        "hitCount": 10
    },
    "relative_filename": "config/components/creature_specific/pet_simulation_servos.json",
    "name": "pet_simulation_servos",
    "subsystem": "ACTUATOR",
    "components": [
        "components/interfaces/esp32_servo_controller.json"
    ],
    "author": "config/author.json",
    "position": {
        "units": "INCH",
        "x": "0.0 INCH",
        "coordinate_system": "skull_3d",
        "z": "0.0 INCH",
        "reference_point": "nose_center",
        "y": "0.0 INCH"
    },
    "type": "POSITIONED_COMPONENT"
}