{
    "version": "1.0.0",
    "software": {
        "act_function": "audio_analysis_unit_act",
        "init_function": "audio_analysis_unit_init",
        "hitCount": 10
    },
    "relative_filename": "config/components/creature_specific/audio_analysis_unit.json",
    "name": "audio_analysis_unit",
    "subsystem": "UNKNOWN",
    "author": "config/author.json",
    "position": {
        "units": "INCH",
        "x": "0.0 INCH",
        "coordinate_system": "skull_3d",
        "z": "0.0 INCH",
        "reference_point": "nose_center",
        "y": "0.0 INCH"
    },
    "type": "POSITIONED_COMPONENT"
}